what,kind,bundleId,bundleVersion,description,time
activated,perspective,org.eclipse.jst.j2ee.ui,,"org.eclipse.jst.j2ee.J2EEPerspective",1391273356099
started,bundle,org.eclipse.osgi,3.7.0.v20110613,"org.eclipse.osgi",1391273356100
started,bundle,org.eclipse.equinox.simpleconfigurator,1.0.200.v20110502-1955,"org.eclipse.equinox.simpleconfigurator",1391273356100
started,bundle,ch.hsr.ifs.cute.tdd,1.0.2.201106291250,"ch.hsr.ifs.cute.tdd",1391273356100
started,bundle,ch.hsr.ifs.cute.ui,4.0.2.201106291250,"ch.hsr.ifs.cute.ui",1391273356100
started,bundle,com.google.gdt.eclipse.designer.GXT,2.3.1.r36x201105061304,"com.google.gdt.eclipse.designer.GXT",1391273356100
started,bundle,com.google.gdt.eclipse.designer.SmartGWT,2.3.1.r36x201105061304,"com.google.gdt.eclipse.designer.SmartGWT",1391273356100
started,bundle,com.google.gdt.eclipse.designer.usageprofiler,2.3.1.r36x201105061304,"com.google.gdt.eclipse.designer.usageprofiler",1391273356100
started,bundle,com.google.gdt.eclipse.designer.usageprofiler.ui,2.3.1.r36x201105061304,"com.google.gdt.eclipse.designer.usageprofiler.ui",1391273356101
started,bundle,com.ibm.icu,4.4.2.v20110208,"com.ibm.icu",1391273356101
started,bundle,goclipse,0.1.3,"goclipse",1391273356101
started,bundle,net.sf.eclipsecs.core,5.3.0.201012121300,"net.sf.eclipsecs.core",1391273356101
started,bundle,net.sf.eclipsecs.ui,5.3.0.201012121300,"net.sf.eclipsecs.ui",1391273356101
started,bundle,org.eclipse.cdt.codan.checkers,1.0.0.201106081058,"org.eclipse.cdt.codan.checkers",1391273356101
started,bundle,org.eclipse.cdt.codan.core,2.0.0.201106081058,"org.eclipse.cdt.codan.core",1391273356101
started,bundle,org.eclipse.cdt.codan.core.cxx,1.0.0.201106081058,"org.eclipse.cdt.codan.core.cxx",1391273356101
started,bundle,org.eclipse.cdt.codan.ui.cxx,2.0.0.201106081058,"org.eclipse.cdt.codan.ui.cxx",1391273356101
started,bundle,org.eclipse.cdt.core,5.3.0.201106081058,"org.eclipse.cdt.core",1391273356101
started,bundle,org.eclipse.cdt.make.core,7.1.0.201106081058,"org.eclipse.cdt.make.core",1391273356101
started,bundle,org.eclipse.cdt.make.ui,7.1.0.201106081058,"org.eclipse.cdt.make.ui",1391273356101
started,bundle,org.eclipse.cdt.managedbuilder.core,8.0.0.201106081058,"org.eclipse.cdt.managedbuilder.core",1391273356101
started,bundle,org.eclipse.cdt.ui,5.3.0.201106081058,"org.eclipse.cdt.ui",1391273356101
started,bundle,org.eclipse.core.contenttype,3.4.100.v20110423-0524,"org.eclipse.core.contenttype",1391273356101
started,bundle,org.eclipse.core.databinding.observable,1.4.0.I20110222-0800,"org.eclipse.core.databinding.observable",1391273356101
started,bundle,org.eclipse.core.expressions,3.4.300.v20110228,"org.eclipse.core.expressions",1391273356101
started,bundle,org.eclipse.core.filebuffers,3.5.200.v20110505-0800,"org.eclipse.core.filebuffers",1391273356101
started,bundle,org.eclipse.core.filesystem,1.3.100.v20110423-0524,"org.eclipse.core.filesystem",1391273356101
started,bundle,org.eclipse.core.jobs,3.5.100.v20110404,"org.eclipse.core.jobs",1391273356101
started,bundle,org.eclipse.core.net,1.2.100.I20110511-0800,"org.eclipse.core.net",1391273356101
started,bundle,org.eclipse.core.resources,3.7.100.v20110510-0712,"org.eclipse.core.resources",1391273356101
started,bundle,org.eclipse.core.runtime,3.7.0.v20110110,"org.eclipse.core.runtime",1391273356101
started,bundle,org.eclipse.core.runtime.compatibility,3.2.100.v20100505,"org.eclipse.core.runtime.compatibility",1391273356101
started,bundle,org.eclipse.core.runtime.compatibility.auth,3.2.200.v20110110,"org.eclipse.core.runtime.compatibility.auth",1391273356101
started,bundle,org.eclipse.epp.mpc.ui,1.1.0.I20110525-0742,"org.eclipse.epp.mpc.ui",1391273356106
started,bundle,org.eclipse.epp.usagedata.gathering,1.3.1.R201106061540,"org.eclipse.epp.usagedata.gathering",1391273356116
started,bundle,org.eclipse.epp.usagedata.recording,1.3.1.R201106061540,"org.eclipse.epp.usagedata.recording",1391273356117
started,bundle,org.eclipse.equinox.app,1.3.100.v20110321,"org.eclipse.equinox.app",1391273356118
started,bundle,org.eclipse.equinox.common,3.6.0.v20110523,"org.eclipse.equinox.common",1391273356118
started,bundle,org.eclipse.equinox.ds,1.3.0.v20110502,"org.eclipse.equinox.ds",1391273356122
started,bundle,org.eclipse.equinox.event,1.2.100.v20110502,"org.eclipse.equinox.event",1391273356136
started,bundle,org.eclipse.equinox.p2.core,2.1.0.v20110502-1955,"org.eclipse.equinox.p2.core",1391273356136
started,bundle,org.eclipse.equinox.p2.directorywatcher,1.0.300.v20110502-1955,"org.eclipse.equinox.p2.directorywatcher",1391273356137
started,bundle,org.eclipse.equinox.p2.engine,2.1.0.v20110511,"org.eclipse.equinox.p2.engine",1391273356168
started,bundle,org.eclipse.equinox.p2.metadata,2.1.0.v20110510,"org.eclipse.equinox.p2.metadata",1391273356176
started,bundle,org.eclipse.equinox.p2.metadata.repository,1.2.0.v20110511-1359,"org.eclipse.equinox.p2.metadata.repository",1391273356178
started,bundle,org.eclipse.equinox.p2.operations,2.1.0.v20110511-1821,"org.eclipse.equinox.p2.operations",1391273356190
started,bundle,org.eclipse.equinox.p2.reconciler.dropins,1.1.100.v20110510,"org.eclipse.equinox.p2.reconciler.dropins",1391273356197
started,bundle,org.eclipse.equinox.p2.repository,2.1.0.v20110601,"org.eclipse.equinox.p2.repository",1391273356214
started,bundle,org.eclipse.equinox.p2.ui.sdk.scheduler,1.0.100.v20110502-1955,"org.eclipse.equinox.p2.ui.sdk.scheduler",1391273356214
started,bundle,org.eclipse.equinox.p2.updatechecker,1.1.200.v20110502-1955,"org.eclipse.equinox.p2.updatechecker",1391273356250
started,bundle,org.eclipse.equinox.preferences,3.4.0.v20110502,"org.eclipse.equinox.preferences",1391273356251
started,bundle,org.eclipse.equinox.registry,3.5.100.v20110502,"org.eclipse.equinox.registry",1391273356251
started,bundle,org.eclipse.equinox.security,1.1.0.v20110502,"org.eclipse.equinox.security",1391273356309
started,bundle,org.eclipse.equinox.util,1.0.300.v20110502,"org.eclipse.equinox.util",1391273356310
started,bundle,org.eclipse.help,3.5.100.v20110426,"org.eclipse.help",1391273356342
started,bundle,org.eclipse.jdt.core.manipulation,1.4.0.v20110505-0800,"org.eclipse.jdt.core.manipulation",1391273356343
started,bundle,org.eclipse.jdt.ui,3.7.0.v20110531-1200,"org.eclipse.jdt.ui",1391273356347
started,bundle,org.eclipse.jem.util,2.1.100.v201103021400,"org.eclipse.jem.util",1391273356364
started,bundle,org.eclipse.jface,3.7.0.I20110522-1430,"org.eclipse.jface",1391273356364
started,bundle,org.eclipse.jsch.core,1.1.300.I20110514-0800,"org.eclipse.jsch.core",1391273356400
started,bundle,org.eclipse.jst.j2ee.webservice,1.1.400.v201004110600,"org.eclipse.jst.j2ee.webservice",1391273356443
started,bundle,org.eclipse.jst.j2ee.webservice.ui,1.1.500.v201105122000,"org.eclipse.jst.j2ee.webservice.ui",1391273356444
started,bundle,org.eclipse.jst.ws.jaxws.utils,1.0.0.v201004171919,"org.eclipse.jst.ws.jaxws.utils",1391273356444
started,bundle,org.eclipse.ltk.core.refactoring,3.5.200.v20110505-0800,"org.eclipse.ltk.core.refactoring",1391273356445
started,bundle,org.eclipse.mylyn.bugzilla.core,3.6.0.v20110608-1400,"org.eclipse.mylyn.bugzilla.core",1391273356489
started,bundle,org.eclipse.mylyn.bugzilla.ui,3.6.0.v20110608-1400,"org.eclipse.mylyn.bugzilla.ui",1391273356564
started,bundle,org.eclipse.mylyn.commons.identity,0.8.0.v20110608-1400,"org.eclipse.mylyn.commons.identity",1391273356571
started,bundle,org.eclipse.mylyn.commons.net,3.6.0.v20110608-1400,"org.eclipse.mylyn.commons.net",1391273356571
started,bundle,org.eclipse.mylyn.context.core,3.6.0.v20110608-1400,"org.eclipse.mylyn.context.core",1391273356572
started,bundle,org.eclipse.mylyn.context.ui,3.6.0.v20110608-1400,"org.eclipse.mylyn.context.ui",1391273356831
started,bundle,org.eclipse.mylyn.monitor.ui,3.6.0.v20110608-1400,"org.eclipse.mylyn.monitor.ui",1391273356831
started,bundle,org.eclipse.mylyn.tasks.ui,3.6.0.v20110608-1400,"org.eclipse.mylyn.tasks.ui",1391273356920
started,bundle,org.eclipse.mylyn.team.ui,3.6.0.v20110608-1400,"org.eclipse.mylyn.team.ui",1391273356986
started,bundle,org.eclipse.search,3.7.0.v20110505-0800,"org.eclipse.search",1391273357042
started,bundle,org.eclipse.team.core,3.6.0.I20110525-0800,"org.eclipse.team.core",1391273357043
started,bundle,org.eclipse.team.cvs.core,3.3.400.I20110510-0800,"org.eclipse.team.cvs.core",1391273357065
started,bundle,org.eclipse.team.cvs.ui,3.3.400.I20110510-0800,"org.eclipse.team.cvs.ui",1391273357129
started,bundle,org.eclipse.team.svn.core,0.7.9.I20110819-1700,"org.eclipse.team.svn.core",1391273357176
started,bundle,org.eclipse.team.svn.mylyn,0.7.9.I20110318-1700,"org.eclipse.team.svn.mylyn",1391273357192
started,bundle,org.eclipse.team.svn.ui,0.7.9.I20110819-1700,"org.eclipse.team.svn.ui",1391273357246
started,bundle,org.eclipse.team.ui,3.6.100.I20110525-0800,"org.eclipse.team.ui",1391273357292
started,bundle,org.eclipse.ui,3.7.0.I20110602-0100,"org.eclipse.ui",1391273357293
started,bundle,org.eclipse.ui.console,3.5.100.v20110511,"org.eclipse.ui.console",1391273357312
started,bundle,org.eclipse.ui.editors,3.7.0.v20110517-0800,"org.eclipse.ui.editors",1391273357431
started,bundle,org.eclipse.ui.forms,3.5.100.v20110425,"org.eclipse.ui.forms",1391273357462
started,bundle,org.eclipse.ui.ide,3.7.0.I20110519-0100,"org.eclipse.ui.ide",1391273357463
started,bundle,org.eclipse.ui.intro,3.4.100.v20110425,"org.eclipse.ui.intro",1391273357472
started,bundle,org.eclipse.ui.intro.universal,3.2.500.v20110510,"org.eclipse.ui.intro.universal",1391273357472
started,bundle,org.eclipse.ui.navigator,3.5.100.I20110524-0800,"org.eclipse.ui.navigator",1391273357515
started,bundle,org.eclipse.ui.navigator.resources,3.4.300.I20110421-1800,"org.eclipse.ui.navigator.resources",1391273357515
started,bundle,org.eclipse.ui.net,1.2.100.I20110511-0800,"org.eclipse.ui.net",1391273357554
started,bundle,org.eclipse.ui.views,3.6.0.I20110412-0800,"org.eclipse.ui.views",1391273357554
started,bundle,org.eclipse.ui.workbench,3.7.0.I20110519-0100,"org.eclipse.ui.workbench",1391273357555
started,bundle,org.eclipse.ui.workbench.texteditor,3.7.0.v20110505-0800,"org.eclipse.ui.workbench.texteditor",1391273357556
started,bundle,org.eclipse.update.configurator,3.3.100.v20100512,"org.eclipse.update.configurator",1391273357557
started,bundle,org.eclipse.update.core,3.2.500.v20110330,"org.eclipse.update.core",1391273357570
started,bundle,org.eclipse.update.scheduler,3.2.300.v20100512,"org.eclipse.update.scheduler",1391273357633
started,bundle,org.eclipse.wb.discovery.core,1.0.0.r37x201106081733,"org.eclipse.wb.discovery.core",1391273357633
started,bundle,org.eclipse.wst.common.emf,1.2.100.v201101101900,"org.eclipse.wst.common.emf",1391273357716
started,bundle,org.polarion.eclipse.team.svn.connector.javahl16,2.2.2.I20110819-1700,"org.polarion.eclipse.team.svn.connector.javahl16",1391273357718
started,bundle,org.polarion.eclipse.team.svn.connector.svnkit16,2.2.2.I20110819-1700,"org.polarion.eclipse.team.svn.connector.svnkit16",1391273357719
started,bundle,org.eclipse.wst.common.emfworkbench.integration,1.2.101.v201107140600,"org.eclipse.wst.common.emfworkbench.integration",1391273357720
started,bundle,com.google.gdt.eclipse.core,2.4.2.relr37v201110112027,"com.google.gdt.eclipse.core",1391273357721
started,bundle,com.google.gdt.eclipse.login,2.4.2.relr37v201110112027,"com.google.gdt.eclipse.login",1391273357721
started,bundle,org.eclipse.mylyn.commons.ui,3.7.0.I20110922-1921,"org.eclipse.mylyn.commons.ui",1391273357745
started,bundle,org.eclipse.wb.core,1.2.0.r37x201109270310,"org.eclipse.wb.core",1391273357776
started,bundle,org.eclipse.wb.core.lib,1.2.0.r37x201109270310,"org.eclipse.wb.core.lib",1391273357831
started,bundle,org.eclipse.jdt.core,3.7.1.xx-20110929-1800-e37,"org.eclipse.jdt.core",1391273358026
started,bundle,org.eclipse.jdt.groovy.core,2.5.2.xx-20110929-1800-e37,"org.eclipse.jdt.groovy.core",1391273358029
started,bundle,org.eclipse.jst.j2ee.ui,1.1.501.v201108231700,"org.eclipse.jst.j2ee.ui",1391273358313
started,bundle,org.eclipse.m2e.logback.configuration,1.0.200.20111228-1245,"org.eclipse.m2e.logback.configuration",1391273358313
started,bundle,org.eclipse.wst.common.frameworks,1.2.102.v201201190400,"org.eclipse.wst.common.frameworks",1391273358365
started,bundle,org.eclipse.wst.web,1.1.501.v201201190400,"org.eclipse.wst.web",1391273358439
started,bundle,org.eclipse.emf.common,2.8.0.v20120606-0717,"org.eclipse.emf.common",1391273358484
started,bundle,org.eclipse.emf.common.ui,2.7.0.v20120608-0554,"org.eclipse.emf.common.ui",1391273358501
started,bundle,org.eclipse.emf.ecore,2.8.0.v20120606-0717,"org.eclipse.emf.ecore",1391273358501
started,bundle,org.eclipse.emf.ecore.xmi,2.8.0.v20120606-0717,"org.eclipse.emf.ecore.xmi",1391273358502
started,bundle,org.eclipse.emf.edit,2.8.0.v20120608-0554,"org.eclipse.emf.edit",1391273358522
started,bundle,org.eclipse.emf.edit.ui,2.8.0.v20120608-0554,"org.eclipse.emf.edit.ui",1391273358538
started,bundle,org.eclipse.wst.common.project.facet.core,1.4.300.v201111030424,"org.eclipse.wst.common.project.facet.core",1391273358538
os,sysinfo,,,"macosx",1391273358542
arch,sysinfo,,,"x86",1391273358542
ws,sysinfo,,,"cocoa",1391273358542
locale,sysinfo,,,"en_US",1391273358542
processors,sysinfo,,,"2",1391273358542
java.runtime.name,sysinfo,,,"Java(TM) SE Runtime Environment",1391273358542
java.runtime.version,sysinfo,,,"1.6.0_51-b11-457-10M4509",1391273358542
java.specification.name,sysinfo,,,"Java Platform API Specification",1391273358542
java.specification.vendor,sysinfo,,,"Sun Microsystems Inc.",1391273358542
java.specification.version,sysinfo,,,"1.6",1391273358542
java.vendor,sysinfo,,,"Apple Inc.",1391273358542
java.version,sysinfo,,,"1.6.0_51",1391273358542
java.vm.info,sysinfo,,,"mixed mode",1391273358542
java.vm.name,sysinfo,,,"Java HotSpot(TM) Client VM",1391273358542
java.vm.specification.name,sysinfo,,,"Java Virtual Machine Specification",1391273358542
java.vm.specification.vendor,sysinfo,,,"Sun Microsystems Inc.",1391273358542
java.vm.specification.version,sysinfo,,,"1.0",1391273358542
java.vm.vendor,sysinfo,,,"Apple Inc.",1391273358542
java.vm.version,sysinfo,,,"20.51-b01-457",1391273358542
started,bundle,org.eclipse.m2e.usagedata,1.0.200.20111228-1245,"org.eclipse.m2e.usagedata",1391273358599
activated,workbench,org.eclipse.ui.workbench,3.7.0.I20110519-0100,"",1391273359191
activated,view,org.eclipse.ui,3.7.0.I20110602-0100,"org.eclipse.ui.internal.introview",1391273359199
started,bundle,org.eclipse.wb.discovery.ui,1.0.0.r37x201106081733,"org.eclipse.wb.discovery.ui",1391273361058
activated,view,org.eclipse.ui.navigator.resources,3.4.300.I20110421-1800,"org.eclipse.ui.navigator.ProjectExplorer",1391273361387
activated,view,org.eclipse.ui.navigator.resources,3.4.300.I20110421-1800,"org.eclipse.ui.navigator.ProjectExplorer",1391273361399
closed,view,org.eclipse.ui,3.7.0.I20110602-0100,"org.eclipse.ui.internal.introview",1391273361416
started,bundle,org.eclipse.dltk.core,3.0.1.v20110823,"org.eclipse.dltk.core",1391273361637
started,bundle,org.eclipse.debug.core,3.7.0.v20110518,"org.eclipse.debug.core",1391273361770
started,bundle,org.eclipse.dltk.launching,3.0.0.v20110423,"org.eclipse.dltk.launching",1391273361792
started,bundle,org.eclipse.dltk.ui,3.0.1.v20110823,"org.eclipse.dltk.ui",1391273361844
started,bundle,org.springframework.ide.eclipse.osgi.targetdefinition,2.6.0.201103160035-RELEASE,"org.springframework.ide.eclipse.osgi.targetdefinition",1391273361936
started,bundle,org.springframework.ide.eclipse.uaa,2.6.0.201103160035-RELEASE,"org.springframework.ide.eclipse.uaa",1391273365322
started,bundle,com.onpositive.gae.tools.core,1.3.9.201107081710,"com.onpositive.gae.tools.core",1391273365376
started,bundle,com.onpositive.gae.base.manager,1.3.9.201107081710,"com.onpositive.gae.base.manager",1391273365447
deactivated,workbench,org.eclipse.ui.workbench,3.7.0.I20110519-0100,"",1391273366936
started,bundle,com.google.gwt.eclipse.sdkbundle,2.4.0.relr37v201110112027,"com.google.gwt.eclipse.sdkbundle",1391273367986
started,bundle,com.google.gdt.eclipse.platform.shared,2.4.2.relr37v201110112027,"com.google.gdt.eclipse.platform.shared",1391273368077
started,bundle,com.google.gdt.eclipse.platform.e36,1.4.2.v201012211742,"com.google.gdt.eclipse.platform.e36",1391273368078
started,bundle,com.google.gwt.eclipse.core,2.4.2.relr37v201110112027,"com.google.gwt.eclipse.core",1391273368737
started,bundle,org.eclipse.jdt.launching,3.6.0.v20110509,"org.eclipse.jdt.launching",1391273369012
started,bundle,com.google.appengine.eclipse.sdkbundle,1.6.0.v201111171704r37,"com.google.appengine.eclipse.sdkbundle",1391273369177
started,bundle,com.google.appengine.eclipse.core,2.4.2.relr37v201110112027,"com.google.appengine.eclipse.core",1391273369447
started,bundle,org.eclipse.wst.server.core,1.1.304.v20120208_1420,"org.eclipse.wst.server.core",1391273370449
started,bundle,com.onpositive.semantic.ui,1.3.9.201104121317,"com.onpositive.semantic.ui",1391273370452
started,bundle,com.google.gdt.eclipse.designer,2.4.2.r37x201109270347,"com.google.gdt.eclipse.designer",1391273370536
started,bundle,org.springframework.ide.eclipse.core,2.6.0.201103160035-RELEASE,"org.springframework.ide.eclipse.core",1391273370608
started,bundle,com.google.gdt.eclipse.designer.UiBinder,2.4.2.r37x201109270347,"com.google.gdt.eclipse.designer.UiBinder",1391273370666
started,bundle,com.google.gdt.eclipse.mobile.android,2.4.2.relr37v201110112027,"com.google.gdt.eclipse.mobile.android",1391273370806
started,bundle,org.codehaus.groovy.eclipse.dsl,2.5.2.xx-20110929-1800-e37,"org.codehaus.groovy.eclipse.dsl",1391273370916
started,bundle,org.eclipse.m2e.discovery,1.0.200.20111228-1245,"org.eclipse.m2e.discovery",1391273370952
started,bundle,org.eclipse.jdt.launching.macosx,3.2.100.v20110509,"org.eclipse.jdt.launching.macosx",1391273371781
started,bundle,org.eclipse.wst.server.ui,1.3.0.v20120210_1439,"org.eclipse.wst.server.ui",1391273376897
started,bundle,com.google.gdt.eclipse.suite,2.4.2.relr37v201110112027,"com.google.gdt.eclipse.suite",1391273377327
started,bundle,com.google.gdt.eclipse.managedapis,2.4.2.relr37v201110112027,"com.google.gdt.eclipse.managedapis",1391273377347
started,bundle,org.springframework.ide.eclipse.ui,2.6.0.201103160035-RELEASE,"org.springframework.ide.eclipse.ui",1391273377447
started,bundle,org.springframework.ide.eclipse.beans.ui,2.6.0.201103160035-RELEASE,"org.springframework.ide.eclipse.beans.ui",1391273377452
started,bundle,org.springframework.ide.eclipse.aop.core,2.6.0.201103160035-RELEASE,"org.springframework.ide.eclipse.aop.core",1391273377468
started,bundle,org.springframework.ide.eclipse.aop.ui,2.6.0.201103160035-RELEASE,"org.springframework.ide.eclipse.aop.ui",1391273377477
started,bundle,org.springframework.ide.eclipse.beans.core,2.6.0.201103160035-RELEASE,"org.springframework.ide.eclipse.beans.core",1391273377650
started,bundle,org.epic.perleditor,0.6.28,"org.epic.perleditor",1391273378119
started,bundle,org.eclipse.jgit,2.0.0.201206130900-r,"org.eclipse.jgit",1391273378376
started,bundle,org.eclipse.egit.core,2.0.0.201206130900-r,"org.eclipse.egit.core",1391273378744
started,bundle,org.eclipse.egit.ui,2.0.0.201206130900-r,"org.eclipse.egit.ui",1391273378852
started,bundle,org.eclipse.jst.ws.jaxrs.core,1.0.301.v201108240656,"org.eclipse.jst.ws.jaxrs.core",1391273386997
started,bundle,org.eclipse.jst.common.project.facet.core,1.4.201.v201108161900,"org.eclipse.jst.common.project.facet.core",1391273387004
no handler,command,com.onpositive.semantic.ui.workbench,,"com.onpositive.semantic.ui.workbench.openCommand",1391273388516
no handler,command,com.onpositive.semantic.ui.workbench,,"com.onpositive.semantic.ui.workbench.openCommand",1391273388516
no handler,command,com.onpositive.semantic.ui.workbench,,"com.onpositive.semantic.ui.workbench.openCommand",1391273388516
no handler,command,com.onpositive.semantic.ui.workbench,,"com.onpositive.semantic.ui.workbench.openCommand",1391273388516
no handler,command,com.onpositive.semantic.ui.workbench,,"com.onpositive.semantic.ui.workbench.openCommand",1391273388516
no handler,command,com.onpositive.semantic.ui.workbench,,"com.onpositive.semantic.ui.workbench.openCommand",1391273388516
no handler,command,com.onpositive.semantic.ui.workbench,,"com.onpositive.semantic.ui.workbench.openCommand",1391273388516
no handler,command,com.onpositive.semantic.ui.workbench,,"com.onpositive.semantic.ui.workbench.openCommand",1391273388516
started,bundle,com.onpositive.gae.profiler,1.3.9.201107081710,"com.onpositive.gae.profiler",1391273388774
started,bundle,org.codehaus.groovy,1.8.2.xx-20110929-1800-e37,"org.codehaus.groovy",1391273388931
started,bundle,org.eclipse.jst.servlet.ui,1.1.501.v201108220630,"org.eclipse.jst.servlet.ui",1391273389795
started,bundle,com.google.gdt.eclipse.appengine.rpc,2.4.2.relr37v201110112027,"com.google.gdt.eclipse.appengine.rpc",1391273389966
started,bundle,com.google.gdt.eclipse.designer.hosted,2.4.2.r37x201109270337,"com.google.gdt.eclipse.designer.hosted",1391273390146
started,bundle,org.eclipse.wst.common.core,1.2.0.v200908252030,"org.eclipse.wst.common.core",1391273390154
started,bundle,org.eclipse.wst.common.modulecore,1.2.103.v201201190400,"org.eclipse.wst.common.modulecore",1391273390158
started,bundle,org.eclipse.jst.j2ee.core,1.2.102.v201202090300,"org.eclipse.jst.j2ee.core",1391273390212
started,bundle,org.eclipse.jem,2.0.501.v201111030500,"org.eclipse.jem",1391273390265
started,bundle,org.eclipse.wst.common.frameworks.ui,1.2.100.v201105122000,"org.eclipse.wst.common.frameworks.ui",1391273390355
started,bundle,org.eclipse.wst.xml.core,1.1.602.v201201091944,"org.eclipse.wst.xml.core",1391273390393
started,bundle,org.eclipse.wst.validation,1.2.303.v201202090300,"org.eclipse.wst.validation",1391273390521
started,bundle,org.eclipse.jdt.apt.core,3.3.500.v20110420-1015,"org.eclipse.jdt.apt.core",1391273390522
started,bundle,org.eclipse.jdt.apt.pluggable.core,1.0.400.v20110305-1450,"org.eclipse.jdt.apt.pluggable.core",1391273390547
started,bundle,com.onpositive.appwrench.buildpath,1.0.0.201107081710,"com.onpositive.appwrench.buildpath",1391273390568
started,bundle,org.eclipse.jst.j2ee,1.1.503.v201202090300,"org.eclipse.jst.j2ee",1391273390639
started,bundle,org.eclipse.jst.jee.ui,1.0.400.v201105122000,"org.eclipse.jst.jee.ui",1391273390661
started,bundle,org.eclipse.jst.j2ee.navigator.ui,1.1.501.v201107261503,"org.eclipse.jst.j2ee.navigator.ui",1391273390754
started,bundle,com.android.ide.eclipse.ddms,12.0.0.v201106281929-138431,"com.android.ide.eclipse.ddms",1391273393668
started,bundle,org.eclipse.wst.sse.core,1.1.602.v201112071516,"org.eclipse.wst.sse.core",1391273393908
started,bundle,com.android.ide.eclipse.adt,12.0.0.v201106281929-138431,"com.android.ide.eclipse.adt",1391273393911
started,bundle,org.eclipse.ltk.ui.refactoring,3.6.0.v20110505-0800,"org.eclipse.ltk.ui.refactoring",1391273393956
started,bundle,com.android.ide.eclipse.traceview,12.0.0.v201106281929-138431,"com.android.ide.eclipse.traceview",1391273393980
started,bundle,org.eclipse.pde.launching,3.6.0.v20110506,"org.eclipse.pde.launching",1391273405424
started,bundle,org.eclipse.ui.views.log,1.0.200.v20110404,"org.eclipse.ui.views.log",1391273405439
started,bundle,org.eclipse.pde.ui,3.6.100.v20110603,"org.eclipse.pde.ui",1391273405450
opened,view,org.eclipse.jdt.ui,3.7.0.v20110531-1200,"org.eclipse.jdt.ui.PackageExplorer",1391273405599
opened,view,org.eclipse.ui.ide,3.7.0.I20110519-0100,"org.eclipse.ui.views.ProblemView",1391273405663
opened,view,org.eclipse.mylyn.tasks.ui,3.6.0.v20110608-1400,"org.eclipse.mylyn.tasks.ui.views.tasks",1391273406138
started,bundle,org.springframework.ide.eclipse.beans.core.metadata,2.6.0.201103160035-RELEASE,"org.springframework.ide.eclipse.beans.core.metadata",1391273406236
opened,view,org.springframework.ide.eclipse.ui,2.6.0.201103160035-RELEASE,"org.springframework.ide.eclipse.ui.navigator.springExplorer",1391273406272
activated,perspective,org.eclipse.jdt.ui,3.7.0.v20110531-1200,"org.eclipse.jdt.ui.JavaPerspective",1391273406308
